time_elapsed,population_size,population_fitness
0.0,140.0,0.8459615556216804
1.0,122.0,0.9255464009227029
2.0,240.0,0.935526115629484
3.0,240.0,0.935526115629484
4.0,249.0,0.9409884329646531
5.0,238.0,0.949659814654292
6.0,234.0,0.9394705939495847
7.0,221.0,0.95389514689735
